276988,0061081450
276988,0061083259
276988,0061087017
276988,0061094404
276988,0312925689
276988,0440295653
276988,0671793489
276988,0684845768
276988,0701169176
276822,0060096195
276822,0141310340
276822,0142302198
276822,0156006065
276822,0375821813
276822,038076041X
276822,0439087597
276822,0439401399
276822,0552546933
276822,0689804458
276822,0699854289
276822,0786812508
276822,0786817070
276822,0805057706
276822,1551925060
276822,1573248533
277427,002542730X
277427,0026217457
277427,003008685X
277427,0030615321
277427,0060002050
277427,0060006641
277427,0060159685
277427,0060177721
277427,0060192704
277427,0060542128
277427,0060913509
277427,0060929197
277427,006092988X
277427,0060930535
277427,0060932139
277427,0060934417
277427,0060951605
277427,0061004251
277427,0061009059
277427,0061030430
277427,0062505319
277427,0062507109
277427,0062735098
277427,0064400859
277427,006440188X
277427,0064636143
277427,0099288850
277427,0132220598
277427,0140067477
277427,0140067841
277427,0140086838
277427,0140185151
277427,0140283374
277427,014029628X
277427,014039026X
277427,0140390715
277427,0140621792
277427,014100018X
277427,0141439742
277427,0142001740
277427,015200405X
277427,0152050167
277427,0156000024
277427,0195009428
277427,0195283554
277427,0201000822
277427,0310205719
277427,0310221498
277427,0310268001
277427,0310396514
277427,0310435706
277427,0310803063
277427,0312302487
277427,0312944691
277427,0312950934
277427,0312961006
277427,0312965966
277427,0312966091
277427,031298328X
277427,0316037451
277427,0316096199
277427,0316168688
277427,0316284955
277427,0316569321
277427,0316602051
277427,0316666343
277427,0316776963
277427,0316777730
277427,0330234471
277427,033031582
277427,0345285859
277427,0345288068
277427,0345311396
277427,0345327772
277427,0345331966
277427,0345334019
277427,0345338545
277427,0345339681
277427,0345347226
277427,0345361792
277427,0345362632
277427,0345373561
277427,0345404769
277427,0345404777
277427,0345404785
277427,0345408039
277427,0345412214
277427,0345413903
277427,0345419707
277427,0345436911
277427,0373029519
277427,0373032811
277427,0373033052
277427,0373263694
277427,0373482620
277427,0373484232
277427,0373705115
277427,0374199698
277427,0375408886
277427,0375415491
277427,0375700129
277427,0375703764
277427,0375726659
277427,0375727132
277427,0375751513
277427,0376012161
277427,0376034750
277427,0380600129
277427,0380702843
277427,0380707551
277427,0380710218
277427,0380713292
277427,0380718332
277427,0380718758
277427,0380791978
277427,038081904X
277427,0380820048
277427,038082339X
277427,0380846578
277427,0380897822
277427,0385261861
277427,0385323816
277427,0385424736
277427,0385482388
277427,0385484518
277427,0385486804
277427,038548951X
277427,0385503857
277427,0385504209
277427,0393039242
277427,039304016X
277427,039447970X
277427,0394556968
277427,0394706528
277427,0394731220
277427,0394738136
277427,0394862147
277427,0395611571
277427,0395936136
277427,0399132678
277427,0399144463
277427,0399145990
277427,0399148442
277427,0399149562
277427,0399225064
277427,0399501487
277427,0399526145
277427,0425047962
277427,042507448X
277427,0425087859
277427,0425104273
277427,0425104338
277427,0425107469
277427,0425113884
277427,0425115801
277427,0425116840
277427,0425121631
277427,0425125467
277427,0425131769
277427,0425133516
277427,042514755X
277427,0425152898
277427,0425154092
277427,0425155943
277427,0425157466
277427,0425158616
277427,0425163865
277427,0425169871
277427,0425174271
277427,0425175405
277427,0425176088
277427,042518627X
277427,0425190749
277427,0439064872
277427,0439136369
277427,043936213X
277427,0440113423
277427,044011585X
277427,0440170796
277427,0440173922
277427,0440176484
277427,0440185327
277427,0440193613
277427,0440201071
277427,0440205506
277427,0440208459
277427,0440210690
277427,0440213320
277427,0440213991
277427,0440217466
277427,0440221501
277427,0440224764
277427,0440225450
277427,0440225701
277427,0440236061
277427,0440236703
277427,0440236738
277427,0440241073
277427,0440419468
277427,0440428130
277427,0440506832
277427,0441002455
277427,0441172717
277427,0441627404
277427,0446311677
277427,0446325503
277427,0446350982
277427,0446522384
277427,0446600415
277427,0446602620
277427,0446603716
277427,0446604801
277427,0446607193
277427,0446608009
277427,0446608890
277427,0446609048
277427,0446611212
277427,0446676640
277427,0446677507
277427,0449221482
277427,0449221504
277427,0449222470
277427,0449224813
277427,044922502X
277427,0449231992
277427,0451113357
277427,0451141083
277427,0451166000
277427,0451169522
277427,0451177096
277427,0451180739
277427,0451184742
277427,0451191153
277427,0451202503
277427,0451203593
277427,0451404025
277427,0451526562
277427,0452283736
277427,0452284449
277427,0471018732
277427,0486406644
277427,0486424634
277427,0515128015
277427,0515128600
277427,0515130923
277427,0515132020
277427,0515133302
277427,0517294559
277427,0517559501
277427,0517573636
277427,0517883384
277427,0523485964
277427,0552137030
277427,0552996181
277427,0553078925
277427,0553133160
277427,0553232266
277427,0553268880
277427,0553271636
277427,0553274295
277427,0553279556
277427,0553280341
277427,0553280368
277427,0553295780
277427,0553297422
277427,0553297619
277427,0553343653
277427,0553351672
277427,0553571656
277427,0553571818
277427,0553572865
277427,0553572997
277427,0553573926
277427,0553574566
277427,0553577808
277427,0553578936
277427,0553579274
277427,0553579525
277427,0553581058
277427,0553581112
277427,0553581929
277427,0553582755
277427,0553586122
277427,0553801430
277427,0573681821
277427,0609804138
277427,0609810138
277427,0631194975
277427,0664244882
277427,0670307254
277427,067086045X
277427,067091021X
277427,0671001795
277427,067101417X
277427,0671014420
277427,0671016776
277427,0671024086
277427,0671037692
277427,0671441981
277427,0671528904
277427,0671600982
277427,0671679929
277427,067170561X
277427,067172021X
277427,0671722808
277427,0671727079
277427,0671729470
277427,0671740504
277427,0671741209
277427,0671749897
277427,0671782525
277427,0671810367
277427,0671876821
277427,0674373502
277427,067940676X
277427,067941388X
277427,0679417648
277427,0679419853
277427,0679457313
277427,0679459626
277427,0679731148
277427,0679731377
277427,0679736042
277427,0679751521
277427,0679765018
277427,0684846713
277427,0684859300
277427,0684864320
277427,0684866048
277427,0684869098
277427,0684872153
277427,0688037879
277427,0688065716
277427,0688139752
277427,068971310X
277427,070434100X
277427,0708985386
277427,0715388185
277427,0718002067
277427,0720714729
277427,0736903054
277427,0740723367
277427,0743406176
277427,0743412028
277427,0743422082
277427,0743422910
277427,0743444477
277427,0743457943
277427,0749395990
277427,0764223259
277427,0764550896
277427,0767903382
277427,076790446X
277427,0785243038
277427,0786866845
277427,078762764X
277427,0800757483
277427,0800786459
277427,0802425488
277427,080284314X
277427,0803653719
277427,0803786824
277427,080410753X
277427,0804108749
277427,080411918X
277427,080501604X
277427,0805018956
277427,0805047603
277427,0805051309
277427,0809233479
277427,0810909650
277427,0811801802
277427,0811802981
277427,0811811409
277427,0812504798
277427,0812531353
277427,0812542509
277427,0812575555
277427,0821713841
277427,0821770829
277427,0835607585
277427,0836204387
277427,0836210263
277427,0836213068
277427,0836213076
277427,0836217632
277427,0836217691
277427,0836218221
277427,0836218515
277427,0836218655
277427,0836218787
277427,0836218817
277427,0836218833
277427,0836221192
277427,0836221311
277427,0836221362
277427,0836236688
277427,0842314296
277427,084233338X
277427,0842338918
277427,0842352368
277427,0842370668
277427,0843947888
277427,0843948442
277427,0849929954
277427,084993785X
277427,0849995892
277427,0850791154
277427,0871233096
277427,0871890917
277427,0872016269
277427,0875096867
277427,087605534X
277427,0877017883
277427,0877423814
277427,0877790426
277427,087784870X
277427,0878771018
277427,088138013X
277427,0884195473
277427,0884502627
277427,0886771528
277427,0887621112
277427,0890814082
277427,0890876517
277427,0890876967
277427,089104289X
277427,0891094261
277427,0894803204
277427,0894807730
277427,0894808249
277427,0895772183
277427,0897210026
277427,0897210433
277427,0897330536
277427,0898155843
277427,0898156122
277427,0898157803
277427,0898793912
277427,0898794080
277427,0898794544
277427,0898796431
277427,0898796601
277427,089879661X
277427,0898797055
277427,0898797187
277427,0898797993
277427,091031103X
277427,0912376090
277427,0912452161
277427,0913734489
277427,0914846566
277427,0915943263
277427,0918956730
277427,0930014464
277427,0932592007
277427,0932944523
277427,0964420805
277427,0965035214
277427,0967201519
277427,0971880107
277427,1400031354
277427,1400034779
277427,1400060265
277427,1551664968
277427,1551668157
277427,1556524412
277427,1557733090
277427,1558177736
277427,1559586893
277427,1559703865
277427,1562923668
277427,1563052377
277427,1564142019
277427,1564403963
277427,1565075722
277427,1565120310
277427,1567313000
277427,1568380593
277427,156865037X
277427,1570620768
277427,1570620970
277427,157224058X
277427,1572302399
277427,1572304510
277427,157421005X
277427,1576733343
277427,1576737160
277427,1576739597
277427,1581690606
277427,1582343772
277427,1852278099
277427,1852303468
277427,1887128255
277427,1930285000
277427,8251800811
277427,8495273829
276820,0140062718
276820,0140260498
276827,000651118X
277065,0816704627
276989,0312244266
276981,2422614189
276828,0385272324
276828,2038701962
276828,2070264564
276828,2070334430
276828,2070403734
276828,2080680676
276828,2232122263
276828,2253044903
276828,2253150711
276828,2266076000
276828,2277221678
276828,2290321028
276828,2842190009
276984,0345425596
276984,0590259970
276984,0590260251
276984,0590417827
276984,0590426702
276984,0590436422
276984,0590436449
276984,0590436457
276984,0590436465
276984,0590436481
276984,059043649X
276984,0590436503
276984,0590442589
276984,0590442988
276984,0590442996
276984,0590448234
276984,0590448595
276984,0590456458
276984,0590456504
276984,0590470485
276984,0590483056
276986,0060930187
276986,0375760911
276986,0689817851
276986,0874869870
276904,0099460343
276904,0375901582
276904,0439317746
276904,0440228840
276904,0440414121
276904,0738205737
276904,1566911605
276905,0060542845
276905,0449148831
276905,1551666308
277064,0460905589
276997,0671011367
277212,044023722X
277195,0020847459
277195,0060196076
277195,0060391626
277195,0060502258
277195,0060908548
277195,0060911271
277195,0060914548
277195,0060960930
277195,0060987561
277195,0062500279
277195,0062500295
277195,006251170X
277195,015644450X
277195,0156799804
277195,031214816X
277195,0312204809
277195,031284879X
277195,0316666343
277195,0316734837
277195,0330332775
277195,0345353404
277195,0345384202
277195,0345413881
277195,0345459407
277195,0375406328
277195,0375724672
277195,037582233X
277195,0385149514
277195,0385423446
277195,0385475721
277195,0385483503
277195,0385729332
277195,0394569652
277195,0394726413
277195,0394757572
277195,0399142789
277195,042511774X
277195,0440174953
277195,0440214424
277195,0440236673
277195,0446604801
277195,0446605484
277195,0446606189
277195,0446606383
277195,0446609323
277195,0449134482
277195,0449223345
277195,0451195825
277195,051730984X
277195,0553251996
277195,055326611X
277195,0553268880
277195,0553273604
277195,0553347756
277195,0553379615
277195,0553572997
277195,0618093974
277195,0670869902
277195,0671010115
277195,0671021001
277195,0671256181
277195,0671510053
277195,0671647458
277195,0679435506
277195,0679455876
277195,0679459618
277195,0679723285
277195,0679741666
277195,0679745203
277195,0679746048
277195,0684804018
277195,0684807548
277195,0684841347
277195,0684859769
277195,0723216428
277195,0743458036
277195,0786862297
277195,0802115160
277195,0804107149
277195,080410946X
277195,0811801802
277195,0811826880
277195,0831771690
277195,0852072864
277195,0871313073
277195,088011861X
277195,0916318405
277195,0939149311
277195,1401300448
277195,1558743669
277195,1571740562
277195,1573220779
277195,1573221856
277195,1577311507
277195,158243011X
277195,1882897579
277195,468109753
277195,684144433
277195,911824529
277159,0969691319
277197,0316969680
277197,0375703861
277197,0440225442
277197,0553271571
277197,0743206045
277197,0743229878
277031,1883473004
276798,0006379702
276798,3423084049
276798,3442131340
276798,3442437407
276798,3446202102
276798,3453073398
276798,3453115783
276798,3499134004
276798,349915398X
276798,3548603203
276798,3764501383
276798,3791535889
276737,0600570967
276736,3257224281
277116,3548208975
277291,0671738232
276733,2080674722
277358,0679781587
277359,071009505506
277359,1591820537
277359,1931514615
277339,44901668125
277353,0739417096
276754,0684867621
277176,8481302201
276992,0099268345
277079,3499263998
277171,0020259700
277171,0345404114
277171,0375724400
277171,0385422598
277171,0385479565
277171,0425156028
277171,0446362220
277171,0449130282
277171,0449213013
277171,0449213730
277171,0449224449
277171,0451173139
277171,0486282406
277171,0553299506
277171,0553575937
277171,0553580930
277171,0679737456
277171,0804102511
277171,080410946X
277171,0804114986
277171,0881503274
277411,044023722X
277075,2830207904
277074,9782922145441
277073,0060595183
277072,1573229571
277142,0688174590
276856,2010173929
276856,20103389
276856,2012003494
276856,2013218826
276856,2013220162
276856,207033015X
276856,2070332985
276856,2203142278
276856,2205040561
276856,221096900X
276856,2253005274
276856,2723402983
276856,2747002748
276856,2800108584
276856,2800134259
276856,2800134267
276856,2800135522
276856,2800135565
276856,2800135719
276856,2800135727
276856,2803616998
276856,2907572458
276857,8439598459
276854,0671034944
276854,074931012X
276854,0843946415
277261,0440241073
276852,0140621741
276852,055321358X
276853,8420457477
276853,8448034023
276850,0449217264
277371,0007137699
276916,0441008291
276915,042513976X
276912,000225669X
276912,0099549611
276912,0701162767
276912,1852422580
276911,8420430943
276911,8420636282
276911,8432205311
276859,014014899X
276859,0140252517
276859,0140269967
276859,0140328742
276859,0140366830
276859,0140367446
276859,0425131378
276859,0517642689
276859,0600571165
276859,077104450X
276859,0789706032
276859,0836218833
276859,0836220889
276859,088365721X
276859,1559712252
276859,1567616089
276859,2890510328
276859,3257227264
277262,0395760704
277189,074341232X
277188,0140254188
277188,0385510500
277188,0525945636
277188,0743422732
277188,0789401487
277267,8804348712
277405,0590477404
277265,0615116426
277183,0451198948
277268,3828400647
277180,0060527161
277180,0140244328
277187,0060390174
277187,0060976683
277187,0061043567
277187,006250794X
277187,0312977263
277187,0375708413
277187,038081093X
277187,038528859X
277187,0399141650
277187,0425144690
277187,0425147762
277187,0440224705
277187,0446310735
277187,0452269865
277187,0515115649
277187,0515129941
277187,0553249657
277187,0553281089
277187,0671042858
277187,0671782908
277187,0679425233
277187,0679433090
277187,0679745203
277187,0679767851
277187,0743223543
277187,0786701420
277187,0804106126
277187,080505622X
277187,0887307302
277187,1564141330
277187,1578630037
277187,1880323818
277187,1929590059
277187,345251547
277187,449003800
277187,44901766125
277187,671781383
277186,0006514219
277186,0006542379
277186,0006543545
277186,0006550983
277186,0141011947
277186,0340734043
277186,0340770015
277186,0349105227
277186,0571152236
277186,0571176151
277461,015659413
277281,0062501860
277102,0552545228
277453,0385722206
276746,0425115801
276746,0449006522
276746,0553561618
276746,055356451X
276746,0786013990
276746,0786014512
276747,0060517794
276747,0451192001
276747,0609801279
276747,0671537458
276747,0679776818
276747,0943066433
276747,1570231028
276747,1885408226
276744,038550120X
276745,342310538
276748,0747558167
276748,3442437407
277341,084230052X
277340,0385482051
277340,0385494084
277340,0767902076
277343,3257204817
277165,8475251471
277009,0452282101
277402,051511605X
276780,8434811634
276780,8484330478
276780,8484332039
277114,0385503822
277002,0864425589
277007,8817860751
277369,8806164104
276847,0446364193
276847,3257200552
276847,3379015180
276847,3404145909
276847,3404148576
276847,3404921178
276847,3423071516
276847,3423204885
276847,3423205806
276847,3426029553
276847,3426622610
276847,3426671298
276847,344215121X
276847,3442413508
276847,3442422035
276847,3442435773
276847,3442437717
276847,3442441080
276847,3442442796
276847,3442444020
276847,3442446414
276847,3442448530
276847,3442449820
276847,3453137442
276847,3453870190
276847,3455077331
276847,347354034X
276847,3492231322
276847,349912176X
276847,3499222213
276847,3499228297
276847,3499232529
276847,3499233436
276847,3499264528
276847,3499433443
276847,3506464078
276847,3548602967
276847,3551551677
276847,3551551685
276847,3551551693
276847,3551551936
276847,359621078X
276847,3608932240
276847,360893541X
276847,3608935428
276847,3608935436
276847,374661922X
276847,3770131495
276847,3809024589
276847,3821815191
276847,3932069234
277056,3442451353
276840,0330201700
276840,0385729340
276842,3809407536
276963,0340818182
277139,0312960344
277139,055358068X
277139,0792270142
276848,3423100424
276848,3442096596
276848,3442440777
276848,3453009304
276848,3453042905
276848,3453061187
276848,3453071174
276848,3453127013
276848,3453211014
276848,3462026062
276848,349926028X
276848,3596122279
276848,3596287200
276848,3922524443
276964,0061096261
276964,0312169817
276964,0312864590
276964,0345348664
276964,0345348672
276964,0345354621
276964,0345385764
276964,0345435036
276964,0385264356
276964,0425104273
276964,0425172546
276964,0440218667
276964,0440220602
276964,0446522856
276964,0451180054
276964,0451198514
276964,0515131520
276964,0517093715
276964,0553266306
276964,0684867621
276964,0765342987
276964,0812550153
276964,0812550307
276964,0843949163
276964,0886773741
276964,0886774802
276964,0886774829
276964,0886775426
276964,0886775957
276964,0886777178
276964,1572971835
276965,9722900684
277271,0618134298
277272,0060591706
277272,0375708049
277272,0552998486
277272,9586391688
277272,9722000322
277272,9722100718
277272,972211493X
277272,9722320742
277272,9722326414
277272,972232957
277272,972232957X
277272,9722509713
277272,9722906259
277272,9722906283
277272,9724608152
277272,9725752228
277272,9726101794
277272,9726106141
277272,9726621666
277272,9726627532
277053,0590108395
277052,9513098648
276751,033390804X
276751,3596218098
277379,3453156366
277379,3499223066
276994,3100970616
276994,3257062354
276994,3257228317
276994,3423128879
276994,3423202327
276994,342677609X
276994,3442054753
276994,3442727073
276994,3453132041
276994,3478387507
276994,3492045170
276994,3492230814
276994,3499101505
276994,3545202461
276994,3548359698
276994,3550075359
276994,3596154766
276994,3596214629
276755,0451166892
276861,0141011904
276861,342313075X
276861,3423201509
276861,3423206616
276861,344242529
276861,3446200452
276861,349223903X
276861,3499231603
276861,360893541X
276861,3608935428
276861,3608935436
276861,3704320196
276861,3886807843
276990,880701601X
276990,8817134899
277107,006054094X
277107,0375706038
277107,081297106X
277107,0843951826
277107,1400032628
277107,1585861553
277466,0312963297
277466,0345382293
277466,0380718340
277466,0385491387
277466,0395835836
277466,042516098X
277466,0425175405
277466,044022165X
277466,0440226414
277466,0446612790
277466,0449219364
277466,0449221512
277466,051512219X
277466,0553121510
277466,0553279556
277466,0553292722
277466,0553571885
277374,0671521705
277375,3548603203
277462,0312195516
276998,0618045996
276998,3822858617
277019,9681500830
277018,0373250223
277018,0451097009
277018,0451179994
277399,000254794
277155,1558744592
277408,0312253435
277157,0060002484
277157,0060094117
277157,0312253397
277157,0312331754
277157,0312874243
277157,0312979517
277157,0316152196
277157,0316154059
277157,0316287555
277157,034541389X
277157,0345450175
277157,0345452550
277157,0375727981
277157,0380731851
277157,0380975017
277157,0385305389
277157,0393045390
277157,0394543289
277157,0399135804
277157,0399138188
277157,0399141340
277157,0399146466
277157,0399146504
277157,0399146687
277157,0399147101
277157,0399147144
277157,0399147322
277157,0399147624
277157,0399148337
277157,0399148450
277157,0399148639
277157,0399148728
277157,0399149783
277157,0399150811
277157,0399150870
277157,0399151451
277157,0399151478
277157,039915177X
277157,0399151885
277157,0425183181
277157,0440111323
277157,0440122147
277157,0440221463
277157,0441005470
277157,0446519480
277157,0449221512
277157,055358295X
277157,0670894184
277157,0671024094
277157,0679450408
277157,0684801663
277157,0684846608
277157,0684871726
277157,0743201604
277157,074320607X
277157,0743407377
277157,0743486226
277157,0804109990
277157,0812571118
277157,0971880107
277392,859009751X
277010,0671025368
277010,3257060580
277284,0553581929
277012,0553581112
277012,0805047379
277012,0892964456
277051,0075536498
277051,0099287692
277051,0099845008
277051,0330262130
277051,0385720920
277051,0393319296
277051,0553262505
277051,06514251
277051,0805062971
277051,3257228007
277051,3442430496
277051,3442446325
277051,3453171500
277051,3464371506
277397,0399140751
277400,87812797
277400,88043077730
277400,8804479272
277400,887983830
277400,8880891766
277400,8880894536
277400,8880897470
277292,1551668726
276870,9026935722
276872,0425167097
276872,042518109X
276872,0425188221
276872,8500010452
276872,8501023450
276872,8571648972
276872,8588615126
276872,8589885291
276873,009975181X
276875,00273755
276875,014366020444
276875,0688172377
276875,8481305464
276875,8496075850
276875,8804321008
276875,8804375299
276875,8804407808
276875,8804464895
276875,8804510579
276875,8804512652
276875,8806144146
276875,8806155873
276875,8807700735
276875,8807806746
276875,8807810751
276875,880781112X
276875,8807812495
276875,8807813157
276875,8807816059
276875,8817106100
276875,8817112917
276875,8817877028
276875,8820024381
276875,883041915X
276875,8831760122
276875,8833908488
276875,8838910987
276875,8842806978
276875,8845219747
276875,8845249689
276875,8846200624
276875,88741800047
276875,8876846565
276875,8877825200
276875,8879285513
276875,8879285645
276875,8879832905
276875,8881110288
276875,888634712X
276875,8887432252
276875,8888424121
276878,0449210197
276879,8817151068
276975,3499221489
277109,0066210151
277109,0385334141
277109,0425191184
277109,0671027343
277109,0751503894
277109,3714500799
277317,1561840564
277367,0312276885
277364,0061011509
277364,0553576801
277363,0060393823
277363,0156027321
277363,0312187335
277363,0929264215
277087,0375700668
277087,457871971
277087,840149768X
277087,8401499917
277087,8402007287
277087,8420600369
277087,8420603066
277087,8423918335
277087,8426105084
277087,8426429807
277087,843223138X
277087,8437608570
277087,8440630921
277087,8440630922
277087,8470394126
277087,8471662531
277087,8472230082
277087,8474541913
277087,8478091351
277085,0434009407
277085,1841193887
277244,0345443284
277244,0395742803
277244,0425128164
277244,055347782X
277244,0670401765
277244,0670637823
277244,067166736
277244,1585671312
277245,0316601950
277246,0452282152
277315,0060173289
277315,0060976845
277240,0440772109
277242,0812514440
277243,0449005909
276768,9057868059
276765,9029716894
276760,8440682697
277196,0345397606
277196,0425034682
277196,0425184463
277196,0441694004
277196,044920597545
277196,0449209733
277196,044923894625
277196,0553271644
277196,0670820555
277196,0671446703
277196,0671749013
277196,0688171923
277196,0743205812
277196,0812521129
277196,0828002118
277196,812551788
276762,034544003X
276762,0380000059
276762,0380711524
276762,0451167317
276762,0451454952
276762,0843920262
276762,3404122879
276762,3404182928
276762,3404611306
276762,342662429
276762,3426690179
276762,3442424216
276762,3442425573
276762,3453092007
276762,3453157745
276762,3453176944
276762,3453185137
276762,3453185323
276762,3453213025
276762,3453877241
276762,3492226604
276762,3517017442
276762,3596125006
276762,B0000BLD7X
276762,N3453124715
277389,2253141860
277388,342670272X
276946,8882461327
277149,3785527195
276943,0330373269
277380,1558509828
277143,0061097101
277143,031286504X
277143,0345342968
277143,0345446860
277143,0375756981
277143,0553382411
277143,0671027662
277143,0767903382
276949,349202436X
277413,0316666343
277413,0345416422
276786,2864322102
276786,8402065945
276786,8423314901
276786,842333533X
276786,8427911769
276786,8433914456
276786,8437606322
276786,8445072919
276786,8466300821
276786,847765011X
276786,8478442588
276786,8495368099
276869,0345249372
276869,044020562X
276866,3257218516
276866,3404126343
276866,3404131606
276866,3404139178
276866,3404143299
276866,3404614542
276866,340645724X
276866,3426192543
276866,3426702266
276866,3442421357
276866,3442443806
276866,345309221X
276866,3453108361
276866,3453126912
276866,3453130901
276866,3453132262
276866,3596129389
276866,3596237874
276866,3596247500
276866,3809410357
276863,8530805461
276862,0345423402
276862,1569312435
276862,1892213141
276788,0345443683
276788,043935806X
276788,055310666X
277285,0806523794
277090,3426193310
277094,0064404773
277314,0446360716
277096,0064407667
277253,0380807343
277257,0345422384
277256,0397314728
276772,0140279091
276772,0553572369
276772,0571058086
276772,3499230933
276772,3596151465
277378,0006485294
277378,0060164662
277378,0134342283
277378,0138030405
277378,013838939X
277378,0140003185
277378,0140008217
277378,0140017852
277378,0140058605
277378,0140089128
277378,0140096825
277378,0140253874
277378,0140302980
277378,0141002492
277378,0141302933
277378,0192827588
277378,0312195516
277378,0345315642
277378,0380490986
277378,0380731851
277378,0385474016
277378,0425176673
277378,0435270613
277378,0446322180
277378,0446608955
277378,0451137965
277378,0553213296
277378,0553262807
277378,0553279378
277378,0553371835
277378,0586056572
277378,0670892963
277378,0670894494
277378,0671028375
277378,0671646575
277378,0671683993
277378,0679741879
277378,0684872153
277378,0684872730
277378,0689817851
277378,0712624090
277378,0713911131
277378,0749305401
277378,0767906373
277378,0770418686
277378,0770420451
277378,0770502466
277378,0786881348
277378,0804103658
277378,0804109729
277378,0804114986
277378,0812507452
277378,0812515560
277378,0812515595
277378,0812590554
277378,0938261088
277378,0941483711
277378,0971880107
277378,1550137387
277378,1550170791
276774,0099543818
276774,3404147723
276774,3423111321
276774,3442136644
276774,3492232000
276953,0140182551
276953,0446310786
276953,0886776783
276950,8807813858
276957,0312966970
277444,0849908647
276954,0971880107
276954,3257008155
276954,329300301X
276954,3419528078
276954,3423118709
276954,3440054594
276954,3442723078
276954,3453034120
276954,3480204015
276954,3492238882
276954,3499121808
276954,3499153629
276954,3502513333
276954,3502517371
276954,3502551685
276954,3596119502
276954,3596221234
276954,3596850185
276954,3772402542
276954,3772420176
276954,3794170180
276954,3806852456
276954,3808572612
276954,3821812028
276954,3922708072
276954,7321578936
276959,680ISBN359623
277293,0380721643
277425,0552996459
277134,1586609726
277124,0425189864
277124,0440236053
277124,0440241073
277124,0553586122
276796,0330332775
276796,0330367358
277048,3426615355
277048,3442435838
277048,3442455707
276812,8879839993
276813,8401328322
276813,8401461189
276813,8401471796
276813,8423996565
276813,8424130081
276813,8426449476
276813,8426449573
276813,8478884831
276813,8478885218
276813,8478885463
276813,8478886044
276813,8495618052
276811,0440414121
276817,0671749609
276814,0091830893
276814,0586207414
276814,0812571029
277249,11238356
277249,8804483156
277249,8846200209
277348,0446363073
277305,O6712345670
276927,0460010239
276927,0749336145
276927,1899344705
277022,8432087653
277023,0553140779
277457,3150087201
277457,3442729785
277351,3518119249
277351,35181333217
277351,3596200547
277351,3716020028
277351,3717581546
277351,3803120624
277028,0425182150
277220,0671015648
277221,0749397365
277129,3518408127
276729,052165615X
276729,0521795028
277042,0060505885
277042,0061097101
277042,0299164942
277042,0312283709
277042,0312983271
277042,0380731851
277042,0446605484
277042,0446611212
277042,0451188454
277042,0451207955
277042,0609804138
277042,0671003755
277042,067104754X
277042,0743407067
277042,074343627X
277042,0786013230
277042,0812509560
277042,0971880107
277168,0380724987
277168,0380726246
277168,0380816059
277168,0399139419
277168,0425175405
277168,0425182932
277168,0440225701
277168,0446602485
277168,0446603406
277168,0451091949
277168,0553095439
277168,0553227041
277168,0553263226
277168,0553295098
277168,0553564994
277168,067102423X
277168,0671032658
277168,0671653849
277168,0722509049
277168,0812500067
277168,0812516001
277168,0812568710
277168,0843921609
277168,0890875588
277168,1557730091
277168,1558172882
277040,0722536283
277288,0425154092
277123,0399138684
277432,0373765541
276725,034545104X
276726,0155061224
276727,0446520802
276808,0395547032
276925,0006511929
276925,002542730X
276925,0060520507
276925,0060930934
276925,0060951303
276925,0099414732
276925,0140154078
276925,0140327592
276925,0140367616
276925,0141181222
276925,0151010633
276925,0192834312
276925,0194216748
276925,0240514866
276925,0316666343
276925,0345391810
276925,0375400699
276925,0385504209
276925,043527242X
276925,0439284031
276925,0439286182
276925,0439286239
276925,0449221148
276925,0451527747
276925,0486282112
276925,0486424499
276925,0553275283
276925,0582530431
276925,0590502123
276925,0595132189
276925,0613329740
276925,063403541X
276925,067172939X
276925,0671729438
276925,0671746502
276925,0679721851
276925,0679745580
276925,0691000980
276925,0747545111
276925,0749931434
276925,0754000117
276925,0804106304
276925,0812583566
276925,0843128240
276925,0879517344
276925,0971880107
276925,1400001625
276925,1400002672
276925,1853262404
276925,2061007074
276925,2266095536
276925,2290309494
276925,2742739351
276925,3522149904
276925,3775713328
276925,8401009421
276925,8401327199
276925,8401462231
276925,840149236X
276925,8408011200
276925,8420427462
276925,8420432113
276925,8420444367
276925,8420789895
276925,8422655500
276925,8422657104
276925,842265783X
276925,8422693445
276925,8423325105
276925,8423662152
276925,8423951537
276925,8423970647
276925,8423976645
276925,8426109799
276925,8427007450
276925,8429712372
276925,8429714936
276925,842975295
276925,8429753419
276925,8432227706
276925,8434830809
276925,8434840391
276925,8440627203
276925,8440696833
276925,8445071572
276925,8447306194
276925,8447312054
276925,8449416078
276925,8472453723
276925,8473068971
276925,8474104823
276925,8474263123
276925,8475071163
276925,8475961290
276925,8476722338
276925,8478809783
276925,8482180088
276925,8483221306
276925,8489163499
276925,8495501090
276925,8495501198
276925,8496077152
276925,8496077209
276925,8496246140
276925,8497931467
276925,950491036X
276925,9508521481
276925,9871138016
277228,0061044636
277228,0385239165
277228,0884946169
277228,0884948706
276800,0061054143
276800,0061054151
276800,0061056774
276800,0671021346
276800,0671024108
276800,1562827898
276803,9726954835
276804,0064405176
276804,0439104769
276804,0440498058
276928,0439135494
276928,059030271X
276928,0590453661
276928,0590470108
276928,0590483404
276928,0671021354
276928,0671026283
276928,0671027506
276928,0671727109
276806,8807817144
276806,8845915913
277338,3442029724
277338,3746614007
277170,0425178102
277170,0446609404
277170,0446610038
277170,0451178017
277170,0553211056
277170,0553285920
277170,0871312549
277436,0590629786
277436,0590629794
277436,0590629808
277436,0590629816
277334,0006530400
277334,9041710191
277330,0441478123
277032,0061007129
276890,0140270272
277229,0312282990
276896,0440241537
277036,0812511816
277036,0833531654
277036,0880381736
277036,0880381744
277035,0061000027
277235,014029628X
277235,0375703861
277235,0425188175
277179,0440414806
277179,0679767800
276929,0060964049
276929,0380807343
276929,0439064864
276929,2.02.032126.2
276929,2.264.03602.8
276929,2020058863
276929,2020062399
276929,2020101653
276929,202011528X
276929,20202006935
276929,20203119888
276929,2020386666
276929,2020564777
276929,2020591944
276929,2070365832
276929,2070378411
276929,2070386023
276929,2070394956
276929,2070404587
276929,2070404706
276929,2070404722
276929,2070406962
276929,2070408450
276929,2070425770
276929,2070725804
276929,2080680692
276929,2226070109
276929,2226126570
276929,2226135022
276929,2253030570
276929,2253049417
276929,2253050407
276929,2253055972
276929,225307659X
276929,2253171670
276929,2253172367
276929,2264010991
276929,2264013257
276929,2264018194
276929,2264024674
276929,226402593X
276929,2264027568
276929,2264029463
276929,226403114
276929,2264031158
276929,2264033282
276929,226403601X
276929,2264036036
276929,2266040820
276929,2266047280
276929,226604960
276929,22660861003
276929,2266096451
276929,2266102028
276929,2266102621
276929,2266104535
276929,2266105698
276929,2266121367
276929,2277302228
276929,2290303488
276929,2290308285
276929,2290312924
276929,2290315524
276929,2290321559
276929,2702424131
276929,2742724028
276929,2742724613
276929,2742729038
276929,2743602295
276929,2841469824
276929,2842611462
276929,2868696627
276929,2869304129
276929,2869304560
276929,2869304870
276929,2869305583
276929,2895400644
276929,2907572121
276929,290757213X
277231,014023313X
277231,0722539924
277230,0060613998
277230,037541309X
277230,0826308791
277232,0970961502
277269,1555037763
276835,3125785006
276837,0380005239
276830,0440225825
276832,0316781266
276832,0345446860
276833,0671876244
277424,0060170166
276838,1593080255
277058,8425330866
277058,8481301213
277237,038550926X
276934,1566190096
276936,0749317256
276936,3453150538
276936,3492224628
276936,3492224768
276936,3596122279
276936,3596147700
277384,0957868251
277135,0865472807
276939,0060011939
276939,0099283697
276939,0140187758
276939,0316154601
276939,059035342X
276939,0713628944
276939,0752844040
276939,0971880107
276939,1853260665
276939,2070414256
276939,2070419657
276939,2253063339
276939,2253137243
276939,2253144452
276939,2253152072
276939,2264027134
276939,226612269X
276939,2290318329
276939,2702400612
276939,2702401694
276939,2878580753
276939,8408040383
276939,8423310353
276939,844140321X
276939,8484601072
277274,1887128441
277128,0099935708
277128,0140118608
277128,0552998249
277209,005531774
277435,031215125X
277434,0312144075
277434,0771087217
277433,009977920X
277433,0749317132
277433,0864425767
276884,0151446474
276884,8433967606
276884,8496280012
276884,899792145
276884,B158991965
276887,0064430227
276887,0671723650
276887,0812533550
276889,0446613843
276888,8806162160
276888,884590184X
277203,030700645X
277203,0307127923
277203,0307302016
277203,0307302636
277203,0307987655
277203,0316563242
277203,0380600129
277203,0380702843
277203,0380710404
277203,039480001X
277203,0394800028
277203,0394800184
277203,039480029X
277203,039480967X
277203,0394925696
277203,0439083702
277203,0439213592
277203,0439242363
277203,0439449316
277203,0590386522
277203,0590402218
277203,0590404342
277203,0590442619
277203,0590442791
277203,0590442805
277203,0590442899
277203,059044297X
277203,059046602X
277203,0590466577
277203,059053744X
277203,0590629719
277203,0590921622
277203,0590965492
277203,0689845405
277203,0689847564
277203,0717283194
277203,0717283208
277203,0717283275
277203,0717283364
277203,0717283372
277203,0717284832
277203,0717284972
277203,0717287017
277203,0717287106
277203,0721452728
277203,0736401113
277203,0761406158
277203,0769600239
277203,0785316477
277203,0785316493
277203,0785316531
277203,087701759X
277203,0882712926
277203,0895777010
277203,1561452718
277203,1562826468
277203,2764104936
277205,0671664964
277439,0312242026
277439,0316666343
277439,0345444892
277439,0345452550
277439,0385504209
277439,0399149821
277439,051509272X
277439,0553230557
277439,0553579134
277439,0671027360
277439,0671038443
277439,0688034047
277439,1583940790
